fixed acidity,acid,chlorides,alcohol,quality
7.4,0.7,76,9.4,5
7.8,0.88,98,9.8,5
7.8,0.76,92,9.8,5
11.2,0.28,75,9.8,6
7.4,0.7,76,9.4,5
7.4,0.66,75,9.4,5
7.9,0.6,69,9.4,5
7.3,0.65,65,10.0,7
7.8,0.58,73,9.5,7
7.5,0.5,71,10.5,5
6.7,0.58,9.699.999.999.999.990,9.2,5
7.5,0.5,71,10.5,5
5.6,615,8.900.000.000.000.000,9.9,5
7.8,0.61,114,9.1,5
8.9,0.62,17.600.000.000.000.000,9.2,5
8.9,0.62,0.17,9.2,5
8.5,0.28,92,10.5,7
8.1,0.56,368,9.3,5
7.4,0.59,86,9.0,4
7.9,0.32,341,9.2,6
8.9,0.22,77,9.4,6
7.6,0.39,8.199.999.999.999.990,9.7,5
7.9,0.43,106,9.5,5
8.5,0.49,84,9.4,5
6.9,0.4,85,9.7,6
6.3,0.39,0.08,9.3,5
7.6,0.41,0.08,9.5,5
7.9,0.43,106,9.5,5
7.1,0.71,0.08,9.4,5
7.8,645,8.199.999.999.999.990,9.8,6
6.7,675,8.900.000.000.000.000,10.1,5
6.9,685,105,10.6,6
8.3,655,83,9.8,5
6.9,605,73,9.4,6
5.2,0.32,10.300.000.000.000.000,9.2,5
7.8,645,86,9.6,6
7.8,0.6,86,10.8,6
8.1,0.38,66,9.7,7
5.7,1.13,172,9.8,4
7.3,0.45,7.400.000.000.000.000,10.5,5
7.3,0.45,7.400.000.000.000.000,10.5,5
8.8,0.61,8.800.000.000.000.000,9.3,4
7.5,0.49,332,10.5,6
8.1,0.66,69,10.3,5
6.8,0.67,0.05,9.5,5
4.6,0.52,54.000.000.000.000.000,13.1,4
7.7,935,114,9.2,5
8.7,0.29,113,9.5,5
6.4,0.4,66,9.2,5
5.6,0.31,7.400.000.000.000.000,9.2,5
8.8,0.66,7.400.000.000.000.000,9.2,5
6.6,0.52,69,9.4,6
6.6,0.5,68,9.4,6
8.6,0.38,81,9.4,5
7.6,0.51,0.11,10.2,6
7.7,0.62,84,9.5,5
10.2,0.42,0.07,9.6,5
7.5,0.63,111,9.4,5
7.8,0.59,76,10.0,5
7.3,0.39,7.400.000.000.000.000,9.4,6
8.8,0.4,79,9.2,5
7.7,0.69,115,9.3,5
7.5,0.52,85,9.5,7
7.0,735,81,9.8,5
7.2,725,86,10.9,5
7.2,725,86,10.9,5
7.5,0.52,79,9.6,5
6.6,705,76,10.7,5
9.3,0.32,7.400.000.000.000.000,10.7,5
8.0,705,7.400.000.000.000.000,10.5,6
7.7,0.63,76,9.5,6
7.7,0.67,8.800.000.000.000.000,9.5,5
7.7,0.69,84,9.5,5
8.3,675,84,9.2,4
9.7,0.32,94,9.6,5
8.8,0.41,9.300.000.000.000.000,10.5,5
8.8,0.41,9.300.000.000.000.000,10.5,5
6.8,785,10.400.000.000.000.000,10.7,6
6.7,0.75,86,10.1,5
8.3,625,0.08,9.1,4
6.2,0.45,69,9.2,5
7.8,0.43,46.399.999.999.999.900,9.4,5
7.4,0.5,86,9.1,5
7.3,0.67,401,9.4,5
6.3,0.3,69,10.3,6
6.9,0.55,76,10.1,5
8.6,0.49,0.11,9.9,6
7.7,0.49,62,9.6,5
9.3,0.39,107,9.5,5
7.0,0.62,76,9.0,5
7.9,0.52,79,9.5,5
8.6,0.49,0.11,9.9,6
8.6,0.49,0.11,9.8,5
7.7,0.49,62,9.6,5
5.0,01.02,45,10.5,4
4.7,0.6,57.999.999.999.999.900,12.9,6
6.8,775,102,10.7,5
7.0,0.5,0.07,9.2,5
7.6,0.9,79,9.8,5
8.1,545,0.08,9.0,6
8.3,0.61,84,10.2,6
7.8,0.5,75,10.4,6
8.1,545,0.08,9.0,6
8.1,575,77,9.2,5
7.2,0.49,0.07,9.4,5
8.1,575,77,9.2,5
7.8,0.41,467,9.3,5
6.2,0.63,8.800.000.000.000.000,9.3,5
8.0,0.33,91,9.6,6
8.1,785,122,9.3,5
7.8,0.56,10.400.000.000.000.000,9.5,5
8.4,0.62,84,9.8,5
8.4,0.6,85,9.8,5
10.1,0.31,0.08,9.7,6
7.8,0.56,10.400.000.000.000.000,9.5,5
9.4,0.4,0.09,10.5,6
8.3,0.54,77,10.0,6
7.8,0.56,8.199.999.999.999.990,9.4,6
8.8,0.55,11.900.000.000.000.000,10.9,6
7.0,0.69,9.699.999.999.999.990,9.2,6
7.3,01.07,17.800.000.000.000.000,9.0,5
8.8,0.55,11.900.000.000.000.000,10.9,6
7.3,695,75,9.2,5
8.0,0.71,0.08,9.5,5
7.8,0.5,8.199.999.999.999.990,9.5,5
9.0,0.62,146,9.4,5
8.2,1.33,81,10.9,5
8.1,1.33,8.199.999.999.999.990,10.9,5
8.0,0.59,65,10.5,7
6.1,0.38,7.200.000.000.000.000,9.4,5
8.0,745,11.800.000.000.000.000,9.4,5
5.6,0.5,49,13.0,5
5.6,0.5,49,13.0,5
6.6,0.5,0.06,9.8,6
7.9,01.04,84,9.9,6
8.4,745,0.09,9.6,5
8.3,715,8.900.000.000.000.000,9.5,5
7.2,415,81,9.2,5
7.8,0.56,81,9.5,5
7.8,0.56,81,9.5,5
8.4,745,0.09,9.6,5
8.3,715,8.900.000.000.000.000,9.5,5
5.2,0.34,0.05,14.0,6
6.3,0.39,66,9.4,5
5.2,0.34,0.05,14.0,6
8.1,0.67,11.699.999.999.999.900,9.4,5
5.8,0.68,87,10.0,5
7.6,0.49,23.600.000.000.000.000,9.3,5
6.9,0.49,7.400.000.000.000.000,10.2,6
8.2,0.4,8.900.000.000.000.000,10.5,6
7.3,0.33,77,10.3,6
9.2,0.52,0.61,9.4,4
7.5,0.6,95,10.1,5
7.5,0.6,95,10.1,5
7.1,0.43,0.07,10.5,5
7.1,0.43,71,10.5,5
7.1,0.43,0.07,10.5,5
7.1,0.43,71,10.5,5
7.1,0.68,73,9.3,5
6.8,0.6,79,9.3,6
7.6,0.95,0.09,9.6,5
7.6,0.68,7.200.000.000.000.000,9.2,4
7.8,0.53,76,10.0,6
7.4,0.6,0.07,9.4,5
7.3,0.59,0.07,9.4,5
7.8,0.63,0.1,9.5,5
6.8,0.64,85,10.2,5
7.3,0.55,7.200.000.000.000.000,9.0,4
6.8,0.63,8.900.000.000.000.000,10.4,6
7.5,705,0.36,9.5,5
7.9,885,57.999.999.999.999.900,9.1,4
8.0,0.42,73,9.2,6
8.0,0.42,73,9.2,6
7.4,0.62,68,11.5,6
7.3,0.38,0.08,9.5,5
6.9,0.5,85,9.5,5
7.3,0.38,0.08,9.5,5
7.5,0.52,87,10.5,6
7.0,805,68,9.6,5
8.8,0.61,67,9.5,5
8.8,0.61,67,9.5,5
8.9,0.61,0.27,9.3,5
7.2,0.73,76,9.3,5
6.8,0.61,77,9.3,5
6.7,0.62,79,9.3,6
8.9,0.31,111,9.7,5
7.4,0.39,8.199.999.999.999.990,9.2,5
7.7,705,84,9.7,5
7.9,0.5,84,9.5,5
7.9,0.49,8.199.999.999.999.990,9.5,5
8.2,0.5,77,9.4,5
6.4,0.37,7.400.000.000.000.000,9.8,6
6.8,0.63,99,9.5,5
7.6,0.55,71,9.7,5
7.6,0.55,71,9.7,5
7.8,0.59,7.400.000.000.000.000,9.4,5
7.3,0.58,7.400.000.000.000.000,10.2,5
11.5,0.3,67,10.1,6
5.4,835,46,13.0,7
6.9,01.09,61,11.4,4
9.6,0.32,55.999.999.999.999.900,10.3,7
8.8,0.37,9.699.999.999.999.990,9.3,5
6.8,0.5,75,9.5,5
7.0,0.42,8.800.000.000.000.000,9.2,5
7.0,0.43,8.900.000.000.000.000,9.2,6
12.8,0.3,95,10.8,7
12.8,0.3,95,10.8,7
7.8,0.57,69,9.3,5
7.8,0.44,0.1,9.4,5
11.0,0.3,54.000.000.000.000.000,10.5,7
9.7,0.53,39,12.4,6
8.0,725,83,10.0,6
11.6,0.44,59.000.000.000.000.000,10.2,6
8.2,0.57,0.06,10.1,5
7.8,735,92,9.8,6
7.0,0.49,0.06,10.5,5
8.7,625,10.099.999.999.999.900,11.0,5
8.1,725,7.200.000.000.000.000,9.1,5
7.5,0.49,76,9.7,5
7.8,0.53,0.08,9.5,5
7.8,0.34,8.199.999.999.999.990,9.4,6
7.4,0.53,10.099.999.999.999.900,9.4,5
6.8,0.61,57,9.5,5
8.6,645,83,10.0,6
8.4,635,8.900.000.000.000.000,10.4,4
7.7,0.43,73,10.5,6
8.9,0.59,337,9.5,6
9.0,0.82,8.900.000.000.000.000,9.8,5
7.7,0.43,73,10.5,6
6.9,0.52,81,11.0,5
5.2,0.48,54.000.000.000.000.000,12.2,7
8.0,0.38,78,9.9,6
8.5,0.37,0.09,9.6,6
6.9,0.52,81,11.0,5
8.2,1.0,65,9.0,6
7.2,0.63,9.699.999.999.999.990,9.0,6
7.2,0.63,9.699.999.999.999.990,9.0,6
7.2,645,9.699.999.999.999.990,9.2,6
7.2,0.63,9.699.999.999.999.990,9.0,6
8.2,1.0,65,9.0,6
8.9,635,263,9.3,5
12.0,0.38,9.300.000.000.000.000,10.9,6
7.7,0.58,102,9.8,6
15.0,0.21,75,9.2,7
15.0,0.21,75,9.2,7
7.3,0.66,84,9.9,6
7.1,0.68,75,9.5,5
8.2,0.6,7.200.000.000.000.000,9.3,5
7.7,0.53,7.400.000.000.000.000,9.8,6
7.3,0.66,84,9.9,6
10.8,0.32,63,10.0,6
7.1,0.6,7.400.000.000.000.000,9.9,6
11.1,0.35,0.09,10.5,5
7.7,775,92,9.5,5
7.1,0.6,7.400.000.000.000.000,9.9,6
8.0,0.57,73,9.3,5
9.4,0.34,75,9.2,5
6.6,695,75,9.2,5
7.7,0.41,611,9.4,5
10.0,0.31,85,10.5,7
7.9,0.33,77,9.3,5
7.0,975,87,9.4,4
8.0,0.52,0.07,10.0,5
7.9,0.37,77,9.3,5
12.5,0.56,64,10.9,5
11.8,0.26,71,10.2,7
8.1,0.87,96,9.8,4
7.9,0.35,78,12.8,8
6.9,0.54,77,9.4,6
11.5,0.18,10.400.000.000.000.000,10.1,6
7.9,545,87,10.7,6
11.5,0.18,10.400.000.000.000.000,10.1,6
10.9,0.37,71,10.1,5
8.4,715,76,9.4,5
7.5,0.65,8.800.000.000.000.000,9.4,5
7.9,545,87,10.7,6
6.9,0.54,77,9.4,6
11.5,0.18,10.400.000.000.000.000,10.1,6
10.3,0.32,73,12.6,8
8.9,0.4,87,10.5,7
11.4,0.26,71,9.3,6
7.7,0.27,358,9.9,7
7.6,0.52,67,9.1,5
8.9,0.4,87,10.5,7
9.9,0.59,102,9.8,5
9.9,0.59,102,9.8,5
12.0,0.45,73,10.3,6
7.5,0.4,92,10.3,6
8.7,0.52,91,10.6,7
11.6,0.42,105,9.2,5
8.7,0.52,91,10.6,7
11.0,0.2,34.299.999.999.999.900,10.5,5
10.4,0.55,91,10.3,6
6.9,0.36,98,10.1,6
13.3,0.34,94,9.5,6
10.8,0.5,73,9.5,5
10.6,0.83,86,9.9,5
7.1,0.63,83,9.6,5
7.2,0.65,94,9.7,5
6.9,0.67,0.08,9.6,5
7.5,0.53,86,10.7,6
11.1,0.18,68,10.1,6
8.3,705,92,10.0,5
7.4,0.67,18.600.000.000.000.000,9.5,5
8.4,0.65,11.199.999.999.999.900,9.2,5
10.3,0.53,63,9.3,6
7.6,0.62,8.199.999.999.999.990,9.4,5
10.3,0.41,213,9.5,6
10.3,0.43,214,9.5,6
7.4,0.29,62,9.5,6
10.3,0.53,63,9.3,6
7.9,0.53,7.200.000.000.000.000,9.4,6
9.0,0.46,9.300.000.000.000.000,9.5,6
8.6,0.47,76,9.4,5
7.4,0.36,87,11.0,5
7.1,0.35,96,11.0,6
9.6,0.56,102,10.1,5
9.6,0.77,8.199.999.999.999.990,10.4,6
9.8,0.66,83,11.5,7
9.6,0.77,8.199.999.999.999.990,10.4,6
9.8,0.66,83,11.5,7
9.3,0.61,0.09,9.7,5
7.8,0.62,79,9.3,5
10.3,0.59,0.09,9.5,6
10.0,0.49,71,9.2,6
10.0,0.49,71,9.2,6
11.6,0.53,121,11.5,7
10.3,0.44,107,11.5,5
13.4,0.27,8.199.999.999.999.990,9.7,6
10.7,0.46,61,9.5,5
10.2,0.36,122,12.5,6
10.2,0.36,122,12.5,6
8.0,0.58,66,9.4,6
8.4,0.56,105,11.0,5
7.9,0.65,78,11.7,7
11.9,695,128,12.2,7
8.9,0.43,52.000.000.000.000.000,12.5,6
7.8,0.43,0.08,10.3,5
12.4,0.49,10.300.000.000.000.000,11.5,6
12.5,0.28,8.199.999.999.999.990,9.8,7
12.2,0.34,66,9.2,6
10.6,0.42,65,11.3,6
10.9,0.39,11.800.000.000.000.000,9.8,6
10.9,0.39,11.800.000.000.000.000,9.8,6
11.9,0.57,8.199.999.999.999.990,10.7,6
7.0,685,67,9.9,5
6.6,815,7.200.000.000.000.000,12.3,7
13.8,0.49,9.300.000.000.000.000,12.0,6
9.6,0.56,8.900.000.000.000.000,10.0,6
9.1,785,9.300.000.000.000.000,9.4,6
10.7,0.67,107,9.9,6
9.1,795,96,9.4,6
7.7,665,0.09,9.3,5
13.5,0.53,0.12,13.0,5
6.1,0.21,66,11.9,6
6.7,0.75,78,12.8,6
11.5,0.41,0.08,11.0,5
10.5,0.42,11.599.999.999.999.900,11.7,7
11.9,0.43,109,10.4,7
12.6,0.38,8.800.000.000.000.000,9.8,6
8.2,0.7,99,9.4,5
8.6,0.45,86,9.9,6
11.9,0.58,7.200.000.000.000.000,10.0,5
12.5,0.46,71,10.2,5
12.8,615,83,10.0,7
10.0,0.42,107,11.8,6
12.8,615,83,10.0,7
10.4,575,76,9.0,5
10.3,0.34,159,9.4,5
9.4,0.27,7.400.000.000.000.000,12.0,7
6.9,765,63,9.9,5
7.9,0.24,55.999.999.999.999.900,8.7,6
9.1,0.28,67,10.6,6
7.4,0.55,106,9.2,5
14.0,0.41,8.900.000.000.000.000,10.8,6
11.5,0.54,124,11.8,7
11.5,0.45,78,11.0,6
9.4,0.27,7.400.000.000.000.000,12.0,7
11.4,625,8.800.000.000.000.000,13.3,6
8.3,0.42,94,10.8,6
8.3,0.26,0.08,9.4,6
13.7,415,85,10.0,6
8.3,0.26,0.08,9.4,6
8.3,0.26,0.08,9.4,6
7.7,0.51,87,9.2,5
7.4,0.63,0.09,9.7,6
7.8,0.54,8.800.000.000.000.000,9.2,6
8.3,0.66,79,9.6,6
7.8,0.46,8.800.000.000.000.000,9.2,6
9.6,0.38,96,10.0,7
5.6,0.85,45,12.9,8
13.7,415,85,10.0,6
9.5,0.37,8.199.999.999.999.990,9.5,5
8.4,665,11.199.999.999.999.900,9.1,5
12.7,0.6,63,9.9,5
12.0,0.37,66,13.0,7
6.6,735,122,9.9,5
11.5,0.59,87,11.0,6
11.5,0.59,87,11.0,6
8.7,765,64,9.4,5
6.6,735,122,9.9,5
7.7,0.26,59.000.000.000.000.000,10.8,6
12.2,0.48,85,10.5,6
11.4,0.6,85,10.5,6
7.7,0.69,75,9.1,5
8.7,0.31,59.000.000.000.000.000,10.1,6
9.8,0.44,63,10.8,6
12.0,0.39,9.300.000.000.000.000,10.8,7
10.4,0.34,174,11.3,6
12.5,0.46,0.07,9.6,4
9.0,0.43,0.08,9.5,6
9.1,0.45,0.08,9.5,5
7.1,735,0.1,9.3,5
9.9,0.4,9.699.999.999.999.990,11.7,7
8.8,0.52,87,9.5,5
8.6,725,11.699.999.999.999.900,9.3,5
10.6,0.48,111,11.7,6
7.0,0.58,91,10.5,5
11.9,0.38,121,10.4,6
6.8,0.77,66,9.9,5
9.5,0.56,8.900.000.000.000.000,11.8,7
6.6,0.84,59.000.000.000.000.000,12.3,7
7.7,0.96,47,10.9,5
10.5,0.24,66,11.0,7
7.7,0.96,47,10.9,5
6.6,0.84,59.000.000.000.000.000,12.3,7
6.4,0.67,45,11.4,6
9.5,0.78,77,10.6,6
9.1,0.52,0.07,9.3,5
12.8,0.84,8.800.000.000.000.000,10.4,6
10.5,0.24,66,11.0,7
7.8,0.55,7.400.000.000.000.000,9.2,5
11.9,0.37,78,12.8,6
12.3,0.39,91,9.5,5
10.4,0.41,76,9.9,6
12.3,0.39,91,9.5,5
8.0,0.67,0.06,10.2,6
11.1,0.45,66,11.2,6
10.4,0.41,76,9.9,6
7.0,0.62,62,9.3,5
12.6,0.31,7.200.000.000.000.000,9.8,8
11.9,0.4,68,11.3,6
15.6,685,0.1,11.2,7
10.0,0.44,77,11.6,7
5.3,0.57,54.000.000.000.000.000,12.5,7
9.5,735,79,10.1,6
12.5,0.38,81,10.5,5
9.3,0.48,127,11.2,5
8.6,0.53,0.1,10.2,6
11.9,0.39,95,10.8,6
11.9,0.39,95,10.8,6
8.4,0.37,413,9.1,6
6.8,0.56,84,10.0,6
10.4,0.33,84,11.2,7
7.0,0.23,63,11.1,5
11.3,0.62,86,13.4,8
8.9,0.59,95,10.3,5
9.2,0.63,9.699.999.999.999.990,9.6,5
10.4,0.33,84,11.2,7
11.6,0.58,7.400.000.000.000.000,9.0,3
9.2,0.43,83,11.3,6
8.3,615,87,9.3,5
11.0,0.26,85,11.8,5
8.1,0.66,98,9.0,5
11.5,315,84,9.2,6
10.0,0.29,98,9.7,5
10.3,0.5,69,11.5,6
8.8,0.46,65,14.0,6
11.4,0.36,0.09,9.2,6
8.7,0.82,0.07,9.8,5
13.0,0.32,9.300.000.000.000.000,10.6,5
9.6,0.54,81,11.4,6
12.5,0.37,83,10.4,6
9.9,0.35,62,10.6,5
10.5,0.28,0.08,9.4,6
9.6,0.68,87,10.2,5
9.3,0.27,91,9.7,5
10.4,0.24,75,11.0,6
9.6,0.68,87,10.2,5
9.4,685,77,10.1,6
10.6,0.28,69,9.2,5
9.4,0.3,0.08,11.7,8
10.6,0.36,152,9.4,5
10.6,0.36,152,9.4,5
10.6,0.44,114,13.4,6
10.2,0.67,54.000.000.000.000.000,10.0,5
10.2,0.67,54.000.000.000.000.000,10.0,5
10.2,645,53,10.0,6
11.6,0.32,81,10.8,7
9.3,0.39,73,10.2,6
9.3,775,78,10.6,6
9.2,0.41,55,13.3,7
8.9,0.4,52.000.000.000.000.000,13.4,7
8.7,0.69,86,11.6,6
6.5,0.39,51,12.1,6
10.7,0.35,0.07,11.0,8
7.8,0.52,81,9.0,6
7.2,0.34,0.09,11.1,5
10.7,0.35,0.07,11.0,8
8.7,0.69,86,11.6,6
7.8,0.52,81,9.0,6
10.4,0.44,7.400.000.000.000.000,12.0,7
10.4,0.44,7.400.000.000.000.000,12.0,7
10.5,0.26,78,10.9,7
10.5,0.24,77,10.8,7
10.2,0.49,7.200.000.000.000.000,12.5,7
10.4,0.24,75,10.8,7
11.2,0.67,84,9.5,6
10.0,0.59,0.09,10.2,6
13.3,0.29,84,11.4,7
12.4,0.42,73,9.5,5
10.0,0.59,0.09,10.2,6
10.7,0.4,125,9.7,6
10.5,0.51,107,11.8,7
10.5,0.51,107,11.8,7
8.5,655,122,9.3,5
12.5,0.6,0.1,11.9,6
10.4,0.61,0.2,8.4,3
10.9,0.21,8.800.000.000.000.000,11.7,6
7.3,365,8.800.000.000.000.000,11.0,5
9.8,0.25,8.800.000.000.000.000,10.0,6
7.6,0.41,8.800.000.000.000.000,9.1,5
8.2,0.39,99,9.8,5
9.3,0.4,85,9.4,5
9.2,0.43,86,9.5,5
10.4,0.64,105,9.9,5
7.3,365,8.800.000.000.000.000,11.0,5
7.0,0.38,9.699.999.999.999.990,11.4,6
8.2,0.42,84,8.7,6
9.9,0.63,77,9.4,5
9.1,0.22,78,10.3,6
11.9,0.38,98,10.3,5
11.9,0.38,98,10.3,5
10.3,0.27,7.200.000.000.000.000,12.8,6
10.0,0.48,102,10.0,6
9.1,0.22,78,10.3,6
9.9,0.63,77,9.4,5
8.1,825,84,10.7,6
12.9,0.35,66,12.0,7
11.2,0.5,0.1,11.2,5
9.2,0.59,10.099.999.999.999.900,9.6,5
9.5,0.46,64,11.0,6
9.3,715,0.07,9.9,5
11.2,0.66,85,11.0,6
14.3,0.31,75,8.4,6
9.1,0.47,94,9.1,5
7.5,0.55,78,9.5,6
10.6,0.31,67,10.7,6
12.4,0.35,79,10.4,6
9.0,0.53,171,9.4,6
6.8,0.51,7.400.000.000.000.000,9.5,6
9.4,0.43,92,10.0,6
9.5,0.46,92,10.0,6
5.0,01.04,0.05,11.5,5
15.5,645,95,11.1,5
15.5,645,95,11.1,5
10.9,0.53,11.800.000.000.000.000,11.7,6
15.6,645,95,11.1,5
10.9,0.53,11.800.000.000.000.000,11.7,6
13.0,0.47,85,12.7,6
12.7,0.6,75,11.4,5
9.0,0.44,78,9.2,5
9.0,0.54,94,9.2,5
7.6,0.29,92,10.1,6
13.0,0.47,85,12.7,6
12.7,0.6,75,11.4,5
8.7,0.7,226,9.0,6
8.7,0.7,226,9.0,6
9.8,0.5,0.25,10.7,6
6.2,0.36,95,11.7,6
11.5,0.35,0.07,11.0,6
6.2,0.36,95,11.7,6
10.2,0.24,75,10.4,5
10.5,0.59,0.07,9.6,4
10.6,0.34,78,10.0,6
12.3,0.27,79,10.2,6
9.9,0.5,10.300.000.000.000.000,10.0,4
8.8,0.44,83,9.5,5
8.8,0.47,85,9.8,5
10.6,0.31,63,9.8,6
12.3,0.5,8.900.000.000.000.000,9.6,5
12.3,0.5,8.900.000.000.000.000,9.6,5
11.7,0.49,83,9.2,5
12.0,0.28,7.400.000.000.000.000,9.9,7
11.8,0.33,9.300.000.000.000.000,10.7,7
7.6,0.51,91,9.6,6
11.1,0.31,94,10.6,7
7.3,0.73,10.800.000.000.000.000,9.3,5
5.0,0.42,0.06,14.0,8
10.2,0.29,59.000.000.000.000.000,10.5,7
9.0,0.45,84,9.7,5
6.6,0.39,0.07,11.5,6
9.0,0.45,84,9.7,5
9.9,0.49,94,9.0,5
7.9,0.72,96,9.5,5
8.9,595,86,9.3,5
12.4,0.4,59.000.000.000.000.000,9.3,6
11.9,0.58,71,10.0,6
8.5,585,78,9.8,6
12.7,0.59,8.199.999.999.999.990,9.3,6
8.2,915,8.800.000.000.000.000,10.0,4
13.2,0.46,71,9.0,6
7.7,835,81,9.3,5
13.2,0.46,71,9.0,6
8.3,0.58,96,9.1,6
8.3,0.6,85,9.2,6
9.4,0.41,7.200.000.000.000.000,12.2,7
8.8,0.48,92,10.5,6
10.1,0.65,0.11,10.4,6
6.3,0.36,75,12.7,6
8.8,0.24,83,9.2,5
13.2,0.38,81,9.4,5
7.5,0.64,77,10.0,6
8.2,0.39,57.999.999.999.999.900,9.8,5
9.2,755,14.800.000.000.000.000,10.2,6
9.6,0.6,79,9.7,5
9.6,0.6,79,9.7,5
11.5,0.31,79,9.8,6
11.4,0.46,122,10.2,5
11.3,0.37,8.800.000.000.000.000,9.3,5
8.3,0.54,76,9.4,5
8.2,0.56,78,9.4,5
10.0,0.58,0.08,9.5,5
7.9,0.51,77,12.1,6
6.8,0.69,124,10.2,5
6.8,0.69,124,10.2,5
8.8,0.6,98,9.1,5
8.8,0.6,98,9.1,5
8.7,0.54,9.699.999.999.999.990,9.3,6
7.6,685,111,9.3,5
8.7,0.54,9.699.999.999.999.990,9.3,6
10.4,0.28,105,9.5,5
7.6,0.41,87,10.5,6
10.1,935,105,11.3,4
7.9,0.35,73,9.5,5
8.7,0.84,65,9.7,5
9.6,0.88,86,9.4,5
9.5,885,84,9.4,5
7.7,915,14.300.000.000.000.000,10.2,7
8.9,0.29,67,10.3,6
9.9,0.54,71,9.4,5
9.5,0.59,71,9.5,5
9.9,0.54,71,9.4,5
9.5,0.59,71,9.5,5
9.9,0.54,71,9.4,5
7.8,0.64,115,10.1,7
7.3,0.67,107,10.1,5
8.3,845,0.07,11.0,4
8.7,0.48,66,11.2,7
6.7,0.42,68,11.3,6
10.7,0.43,106,9.6,5
9.8,0.88,10.400.000.000.000.000,11.2,5
15.9,0.36,96,14.9,5
9.4,0.33,79,12.0,6
8.6,0.47,7.400.000.000.000.000,9.5,5
9.7,0.55,87,9.4,5
10.7,0.43,106,9.6,5
12.0,0.5,73,10.5,7
7.2,0.52,7.400.000.000.000.000,9.6,6
7.1,0.84,96,11.0,4
7.2,0.52,7.400.000.000.000.000,9.6,6
7.5,0.42,0.08,9.0,5
7.2,0.57,76,9.6,6
10.1,0.28,0.05,10.2,6
12.1,0.4,92,10.2,5
9.4,0.59,84,9.7,5
8.3,0.49,222,9.5,6
11.3,0.34,8.199.999.999.999.990,9.2,6
10.0,0.73,59.000.000.000.000.000,11.0,5
11.3,0.34,8.199.999.999.999.990,9.2,6
6.9,0.4,83,10.0,5
8.2,0.73,7.400.000.000.000.000,9.5,5
9.8,1.24,79,9.5,5
8.2,0.73,7.400.000.000.000.000,9.5,5
10.8,0.4,84,9.3,6
9.3,0.41,64,10.2,5
10.8,0.4,84,9.3,6
8.6,0.8,84,9.9,5
8.3,0.78,81,10.0,5
10.8,0.26,0.06,9.6,5
13.3,0.43,0.07,9.0,5
8.0,0.45,94,10.2,6
8.5,0.46,78,9.8,5
8.1,0.78,59.000.000.000.000.000,11.3,5
9.8,0.98,78,9.4,5
8.1,0.78,59.000.000.000.000.000,11.3,5
7.1,0.65,0.07,9.1,5
9.1,0.64,95,9.7,5
7.7,0.66,39,9.4,5
8.1,0.38,157,9.4,5
7.4,1.185,9.699.999.999.999.990,10.7,3
9.2,0.92,87,9.8,5
8.6,0.49,42.200.000.000.000.000,9.0,5
9.0,0.48,84,9.4,5
9.0,0.47,84,9.4,5
5.1,0.47,34,12.8,6
7.0,0.65,66,9.5,6
7.0,0.65,66,9.5,6
9.4,615,87,9.7,5
11.8,0.38,71,10.8,6
10.6,01.02,76,10.1,6
7.0,0.65,66,9.5,6
7.0,0.64,67,9.4,6
7.5,0.38,73,9.6,4
9.1,765,78,9.7,4
8.4,1.035,73,9.9,5
7.0,0.78,9.300.000.000.000.000,10.0,5
7.4,0.49,77,10.5,5
7.8,545,68,11.6,6
9.7,0.31,62,10.0,6
10.6,1.025,0.08,10.1,5
8.9,565,9.300.000.000.000.000,9.5,5
8.7,0.69,84,9.4,5
8.0,0.43,75,9.4,5
9.9,0.74,78,9.8,5
7.2,0.49,69,9.2,6
8.0,0.43,75,9.4,5
7.6,0.46,79,10.0,5
8.4,0.56,8.199.999.999.999.990,9.6,5
7.1,0.66,86,9.5,5
8.4,0.56,8.199.999.999.999.990,9.6,5
8.9,0.48,94,9.2,5
7.6,0.42,84,10.0,5
7.1,0.31,53,9.5,5
7.5,1.115,86,11.2,4
9.0,0.66,77,10.4,5
8.1,0.72,84,11.1,6
6.4,0.57,67,9.5,5
6.4,0.57,67,9.5,5
6.4,865,71,12.7,6
9.5,0.55,387,9.6,5
8.9,875,8.800.000.000.000.000,11.5,5
7.3,835,92,9.6,5
7.0,0.45,8.199.999.999.999.990,9.5,5
7.7,0.56,75,9.3,5
7.7,965,11.199.999.999.999.900,9.5,5
7.7,965,11.199.999.999.999.900,9.5,5
8.2,0.59,9.300.000.000.000.000,9.3,6
9.0,0.46,92,9.2,5
9.0,0.69,8.800.000.000.000.000,9.3,5
8.3,0.76,75,11.5,6
9.2,0.53,78,9.5,5
6.5,615,65,9.2,5
11.6,0.41,96,10.0,5
11.1,0.39,95,9.5,5
7.3,0.51,0.07,9.5,6
8.2,0.34,0.08,9.0,6
8.6,0.33,83,9.4,5
7.2,0.5,71,9.6,6
7.3,0.51,0.07,9.5,6
8.3,0.65,8.900.000.000.000.000,9.5,5
8.3,0.65,8.900.000.000.000.000,9.5,5
7.6,0.54,9.699.999.999.999.990,9.4,5
8.3,0.65,8.900.000.000.000.000,9.5,5
7.8,0.48,415,9.1,6
7.8,0.91,57.999.999.999.999.900,10.7,6
6.3,0.98,57,11.2,6
8.1,0.87,84,9.8,5
8.1,0.87,84,9.8,5
8.8,0.42,92,9.2,5
9.0,0.58,75,9.7,5
9.3,655,96,9.6,5
8.8,0.7,69,10.0,6
9.3,655,96,9.6,5
9.1,0.68,9.300.000.000.000.000,9.5,6
9.2,0.67,91,9.5,6
8.8,0.59,8.900.000.000.000.000,9.4,5
7.5,0.6,10.300.000.000.000.000,9.5,5
7.1,0.59,8.199.999.999.999.990,9.7,6
7.9,0.72,76,9.6,5
7.1,0.59,8.199.999.999.999.990,9.7,6
9.4,685,8.199.999.999.999.990,9.4,5
9.5,0.57,8.199.999.999.999.990,9.4,5
7.9,0.4,157,9.5,6
7.9,0.4,157,9.5,6
7.2,1.0,102,10.0,5
6.9,765,243,10.3,6
6.9,635,24.100.000.000.000.000,10.3,6
8.3,0.43,79,10.5,5
7.1,0.52,76,9.8,5
7.0,0.57,0.19,9.4,6
6.5,0.46,114,9.8,5
9.0,0.82,81,10.0,5
6.5,0.46,114,9.8,5
7.1,0.59,77,9.8,5
9.9,0.35,83,9.5,5
9.9,0.35,83,9.5,5
10.0,0.56,79,10.1,6
10.0,0.56,79,10.1,6
8.6,0.63,99,9.3,5
7.4,0.37,8.199.999.999.999.990,9.7,6
8.8,0.64,84,9.6,5
7.1,0.61,81,9.7,6
7.7,0.6,55,10.8,5
10.1,0.27,65,12.5,6
10.8,0.89,132,10.2,5
8.7,0.46,126,9.6,5
9.3,0.37,38,10.8,7
9.4,0.5,8.199.999.999.999.990,10.7,6
9.4,0.5,8.199.999.999.999.990,10.7,6
7.2,0.61,8.199.999.999.999.990,9.4,5
8.6,0.55,68,10.0,5
5.1,585,44.000.000.000.000.000,12.9,7
7.7,0.56,114,9.6,6
8.4,0.52,84,9.9,6
8.2,0.28,52.000.000.000.000.000,12.8,7
8.4,0.25,40.999.999.999.999.900,12.5,7
8.2,0.28,52.000.000.000.000.000,12.8,7
7.4,0.53,165,9.2,5
7.6,0.48,0.07,10.3,6
7.3,0.49,68,10.5,5
12.9,0.5,7.200.000.000.000.000,10.9,6
10.8,0.45,99,10.8,5
6.9,0.39,102,11.4,4
12.6,0.41,10.300.000.000.000.000,11.3,6
10.8,0.45,99,10.8,5
9.8,0.51,81,10.5,6
10.8,0.29,84,11.9,6
7.1,715,71,9.4,5
9.1,0.66,9.699.999.999.999.990,9.6,5
7.0,685,99,9.7,5
4.9,0.42,48,14.0,7
6.7,0.54,76,9.8,5
6.7,0.54,76,9.8,5
7.1,0.48,68,10.3,5
7.1,0.46,76,10.7,5
7.5,0.27,0.05,11.0,7
7.1,0.46,76,10.7,5
7.8,0.57,65,12.7,8
5.9,0.61,71,11.1,6
7.5,685,57.999.999.999.999.900,10.9,4
5.9,0.61,71,11.1,6
10.4,0.44,145,9.9,3
11.6,0.47,147,9.9,4
8.8,685,8.800.000.000.000.000,9.4,5
7.6,665,66,9.3,5
6.7,0.28,12,11.7,7
6.7,0.28,12,11.7,7
10.1,0.31,75,11.2,7
6.0,0.5,92,10.0,5
11.1,0.42,85,12.1,7
6.6,0.66,115,10.3,5
10.6,0.5,11.900.000.000.000.000,10.9,6
7.1,685,8.800.000.000.000.000,9.4,5
9.9,0.25,62,10.6,6
6.4,0.64,81,9.8,5
6.4,0.64,81,9.8,5
7.4,0.68,78,9.9,6
6.4,0.64,81,9.8,5
6.4,0.63,0.08,9.8,5
9.3,0.43,85,9.5,5
9.3,0.43,85,9.5,5
8.0,0.42,0.08,9.7,5
9.3,0.36,0.08,10.9,6
9.3,0.36,0.08,10.9,6
7.6,735,71,11.7,7
9.3,0.36,0.08,10.9,6
8.2,0.26,73,11.3,7
11.7,0.28,54.000.000.000.000.000,10.6,7
6.8,0.56,7.400.000.000.000.000,11.2,6
7.2,0.62,77,9.5,5
5.8,01.01,39,11.5,6
7.5,0.42,67,10.4,5
7.2,0.62,78,9.7,5
7.2,0.62,77,9.5,5
7.2,635,77,9.7,5
6.8,0.49,71,11.3,6
6.9,0.51,7.200.000.000.000.000,11.2,6
6.8,0.56,7.400.000.000.000.000,11.2,6
7.6,0.63,0.08,10.9,6
7.7,715,64,11.8,6
6.9,0.56,86,10.6,5
7.3,0.35,67,10.0,4
9.1,0.21,67,11.1,7
10.4,0.38,10.400.000.000.000.000,11.8,7
8.8,0.31,109,11.8,7
7.1,0.47,67,10.9,4
7.7,715,64,11.8,6
8.8,0.61,94,10.0,6
7.2,0.6,76,9.5,5
9.2,0.56,78,9.9,5
7.6,715,68,11.4,6
8.4,0.31,19.399.999.999.999.900,12.0,6
7.2,0.6,76,9.5,5
8.8,0.61,94,10.0,6
8.9,0.75,86,10.5,5
9.0,0.8,83,10.4,6
10.7,0.52,66,12.1,7
6.8,0.57,7.200.000.000.000.000,11.2,6
10.7,0.9,11.199.999.999.999.900,9.3,5
7.2,0.34,71,10.1,5
7.2,0.66,78,9.7,5
10.1,0.45,8.199.999.999.999.990,9.3,6
7.2,0.66,78,9.7,5
7.2,0.63,0.08,9.8,6
7.1,0.59,0.08,10.7,6
8.3,0.31,78,12.5,7
7.1,0.59,0.08,10.7,6
8.3,0.31,78,12.5,7
8.3,01.02,84,11.0,3
8.9,0.31,55.999.999.999.999.900,11.8,5
7.4,635,0.08,10.8,7
7.4,635,0.08,10.8,7
6.8,0.59,0.06,10.8,7
6.8,0.59,0.06,10.8,7
9.2,0.58,81,9.5,5
7.2,0.54,84,11.0,5
6.1,0.56,79,11.5,6
7.4,0.52,78,10.8,6
7.3,305,59.000.000.000.000.000,11.5,6
9.3,0.38,132,13.2,6
9.1,0.28,114,10.9,6
10.0,0.46,65,12.2,6
9.4,395,94,12.2,7
7.3,305,59.000.000.000.000.000,11.5,6
8.6,315,79,11.9,6
5.3,715,161,11.0,5
6.8,0.41,84,10.1,6
8.4,0.36,81,11.0,6
8.4,0.62,7.200.000.000.000.000,11.8,6
9.6,0.41,91,10.5,5
8.4,0.36,81,11.0,6
8.4,0.62,7.200.000.000.000.000,11.8,6
6.8,0.41,84,10.1,6
8.6,0.47,55,11.2,5
8.6,0.22,64,11.0,7
9.4,0.24,61,10.2,6
8.4,0.67,9.300.000.000.000.000,9.2,4
8.6,0.47,55,11.2,5
8.7,0.33,63,12.0,7
6.6,0.61,0.08,10.5,5
7.4,0.61,7.400.000.000.000.000,9.8,5
7.6,0.4,78,9.5,6
7.4,0.61,7.400.000.000.000.000,9.8,5
6.6,0.61,0.08,10.5,5
8.8,0.3,0.06,11.8,6
8.8,0.3,0.06,11.8,6
12.0,0.63,71,10.4,4
7.2,0.38,68,12.9,7
6.2,0.46,73,11.4,5
9.6,0.33,7.400.000.000.000.000,12.4,7
9.9,0.27,8.199.999.999.999.990,12.5,7
10.1,0.43,92,10.0,7
9.8,0.5,94,9.7,7
8.3,0.3,0.09,12.1,7
10.2,0.44,71,11.1,7
10.2,0.44,92,12.0,7
8.3,0.28,9.300.000.000.000.000,12.4,7
8.9,0.12,75,11.9,7
8.9,0.12,75,11.9,7
8.9,0.12,75,11.9,7
8.3,0.28,9.300.000.000.000.000,12.4,7
8.2,0.31,57.999.999.999.999.900,11.2,7
10.2,0.34,52.000.000.000.000.000,12.1,7
7.6,0.43,8.199.999.999.999.990,12.2,6
8.5,0.21,0.09,10.4,5
9.0,0.36,111,11.3,6
9.5,0.37,8.800.000.000.000.000,11.1,6
6.4,0.57,0.12,11.3,7
8.0,0.59,8.900.000.000.000.000,10.0,5
8.5,0.47,57.999.999.999.999.900,11.1,6
7.1,0.56,78,9.3,5
6.6,0.57,115,9.5,5
8.8,0.27,0.1,11.2,6
8.5,0.47,57.999.999.999.999.900,11.1,6
8.3,0.34,65,11.0,6
9.0,0.38,10.300.000.000.000.000,11.9,7
8.5,0.66,9.699.999.999.999.990,9.2,5
9.0,0.4,68,12.2,6
6.7,0.56,79,10.2,5
10.4,0.26,66,10.9,6
10.4,0.26,66,10.9,6
10.1,0.38,10.400.000.000.000.000,11.6,7
8.5,0.34,79,10.7,5
8.8,0.33,73,12.1,7
7.2,0.41,83,9.4,5
7.2,0.41,83,9.4,5
8.4,0.59,109,9.1,5
7.0,0.4,61,11.3,7
12.2,0.45,75,10.4,5
9.1,0.5,65,10.5,6
9.5,0.86,79,10.0,5
7.3,0.52,0.07,12.9,6
9.1,0.5,65,10.5,6
12.2,0.45,75,10.4,5
7.4,0.58,64,11.3,6
9.8,0.34,66,11.4,7
7.1,0.36,0.08,9.4,5
7.7,0.39,9.699.999.999.999.990,9.4,5
9.7,295,73,10.9,6
7.7,0.39,9.699.999.999.999.990,9.4,5
7.1,0.34,8.199.999.999.999.990,9.4,5
6.5,0.4,76,9.4,6
7.1,0.34,8.199.999.999.999.990,9.4,5
10.0,0.35,92,9.4,5
7.7,0.6,79,10.1,6
5.6,0.66,87,12.8,7
5.6,0.66,87,12.8,7
8.9,0.84,0.05,9.1,6
6.4,0.69,55,12.9,6
7.5,0.43,62,11.5,7
9.9,0.35,57.999.999.999.999.900,10.6,7
9.1,0.29,63,11.7,7
6.8,0.36,67,12.8,7
8.2,0.43,81,10.3,5
6.8,0.36,67,12.8,7
9.1,0.29,63,11.7,7
9.1,0.3,64,11.7,7
8.9,0.35,0.11,12.0,7
9.6,0.5,11.599.999.999.999.900,10.9,5
8.9,0.28,67,12.3,7
8.9,0.32,8.800.000.000.000.000,10.4,6
7.7,1.005,102,10.0,5
7.5,0.71,92,10.0,6
8.0,0.58,0.12,11.2,6
10.5,0.39,75,11.4,6
8.9,0.38,68,12.6,7
8.0,0.18,49,12.7,6
8.0,0.18,49,12.7,6
7.0,0.5,78,10.4,5
11.3,0.36,12.300.000.000.000.000,11.9,6
11.3,0.36,12.300.000.000.000.000,11.9,6
7.0,0.51,62,10.5,5
8.2,0.32,98,12.3,6
7.7,0.58,8.800.000.000.000.000,10.5,7
8.6,0.83,95,10.4,6
7.9,0.31,66,12.6,6
6.4,795,65,11.6,5
7.2,0.34,75,10.1,6
7.7,0.58,8.800.000.000.000.000,10.5,7
7.1,0.59,91,11.5,7
7.3,0.55,9.300.000.000.000.000,11.0,7
8.1,0.82,95,9.6,5
7.5,0.57,8.900.000.000.000.000,10.4,6
8.9,745,77,9.7,6
10.1,0.37,85,10.6,7
7.6,0.31,8.199.999.999.999.990,12.5,7
7.3,0.91,7.400.000.000.000.000,9.2,5
8.7,0.41,78,12.6,7
8.9,0.5,8.800.000.000.000.000,11.1,6
7.4,965,8.800.000.000.000.000,10.2,5
6.9,0.49,79,9.8,6
8.9,0.5,8.800.000.000.000.000,11.1,6
9.5,0.39,69,10.9,7
6.4,0.39,46,12.2,6
6.9,0.44,0.07,11.4,6
7.6,0.78,76,10.7,6
7.1,0.43,8.199.999.999.999.990,10.4,5
9.3,0.49,81,10.9,6
9.3,0.5,84,10.8,6
7.1,0.43,8.199.999.999.999.990,10.4,5
8.5,0.46,414,9.2,5
5.6,605,73,12.9,5
8.3,0.33,0.07,12.7,7
8.2,0.64,95,9.1,6
8.2,0.64,95,9.1,6
8.9,0.48,10.099.999.999.999.900,12.1,7
7.6,0.42,10.400.000.000.000.000,9.1,5
9.9,0.53,9.300.000.000.000.000,11.6,7
8.9,0.48,10.099.999.999.999.900,12.1,7
11.6,0.23,7.400.000.000.000.000,9.9,6
9.1,0.4,71,12.5,8
8.0,0.38,98,11.4,6
10.2,0.29,75,11.8,6
8.2,0.74,67,11.8,6
7.7,0.61,83,10.2,6
6.6,0.52,0.07,12.5,7
11.1,0.31,0.06,10.9,7
11.1,0.31,0.06,10.9,7
8.0,0.62,86,10.8,5
9.3,0.33,57,11.1,7
7.5,0.77,98,9.2,5
7.2,0.35,83,9.5,6
8.0,0.62,8.800.000.000.000.000,10.7,6
7.5,0.77,98,9.2,5
9.1,0.25,71,10.2,7
9.9,0.32,73,11.4,6
8.6,0.37,0.08,11.0,5
8.6,0.37,0.08,11.0,5
7.9,0.3,0.05,12.3,7
10.3,0.27,47,11.8,6
7.9,0.3,0.05,12.3,7
7.2,0.38,73,9.5,6
8.7,0.42,7.200.000.000.000.000,12.0,6
7.2,0.38,73,9.5,6
6.8,0.48,7.400.000.000.000.000,9.6,5
8.5,0.34,55,11.6,7
7.9,0.19,57,11.2,6
11.6,0.41,95,9.9,7
11.6,0.41,95,9.9,7
10.0,0.26,83,11.8,8
7.9,0.34,86,11.4,6
7.0,0.54,81,11.5,6
9.2,0.31,79,12.0,7
6.6,725,11.699.999.999.999.900,10.8,6
9.4,0.4,87,10.5,5
6.6,725,11.699.999.999.999.900,10.8,6
8.6,0.52,96,9.4,5
8.0,0.31,21.600.000.000.000.000,12.5,7
8.6,0.52,96,9.4,5
8.4,0.34,7.200.000.000.000.000,12.4,6
7.4,0.49,71,12.0,6
6.1,0.48,78,11.2,6
7.4,0.49,71,12.0,6
8.0,0.48,73,12.4,6
6.3,0.57,48,12.8,5
8.2,0.23,69,12.3,6
9.1,0.3,68,11.7,7
8.1,0.78,0.09,9.5,5
10.8,0.47,171,10.8,6
8.3,0.53,0.07,10.0,6
5.4,0.42,92,12.3,7
7.9,0.33,55.999.999.999.999.900,11.0,6
8.9,0.24,7.400.000.000.000.000,9.5,6
5.0,0.4,46,13.6,6
7.0,0.69,91,11.3,6
7.0,0.69,91,11.3,6
7.0,0.69,91,11.3,6
7.1,0.39,65,13.3,6
5.6,0.66,66,12.9,5
7.9,0.54,76,13.1,8
6.6,0.5,62,12.3,6
6.3,0.47,55,12.3,6
10.7,0.4,81,11.2,6
6.5,0.58,96,11.5,4
8.8,0.24,55,11.3,7
5.8,0.29,63,13.5,6
6.3,0.76,7.200.000.000.000.000,11.5,6
10.0,0.43,95,10.0,5
10.5,0.43,92,10.5,6
9.1,0.6,57.999.999.999.999.900,10.4,6
5.9,0.19,45,9.5,5
7.4,0.36,75,13.6,7
7.2,0.48,8.900.000.000.000.000,11.2,7
8.5,0.28,61,11.8,7
8.0,0.25,67,11.9,6
10.4,0.52,0.08,11.4,6
10.4,0.52,0.08,11.4,6
7.5,0.41,10.400.000.000.000.000,9.1,5
8.2,0.51,79,9.5,6
7.3,0.4,0.08,9.5,6
8.2,0.38,0.08,11.0,6
6.9,0.45,43,11.4,6
7.0,0.22,65,10.0,6
7.3,0.32,66,10.1,5
8.2,0.2,76,10.4,6
7.8,0.5,17.800.000.000.000.000,9.8,6
10.0,0.41,71,11.8,7
7.8,0.39,86,11.6,6
10.0,0.35,61,12.0,6
8.2,0.33,67,12.8,7
6.1,0.58,44.000.000.000.000.000,12.5,6
8.3,0.6,11.800.000.000.000.000,9.8,5
9.6,0.42,83,11.1,6
6.6,0.58,0.1,11.4,6
8.3,0.6,11.800.000.000.000.000,9.8,5
8.5,0.18,71,11.8,7
5.1,0.51,42,12.9,7
6.7,0.41,76,10.6,6
10.2,0.41,0.11,10.8,5
10.6,0.36,87,11.1,7
8.8,0.45,76,10.2,6
8.5,0.32,75,11.8,7
9.0,785,78,10.0,5
9.0,785,78,10.0,5
8.5,0.44,369,9.4,5
9.9,0.54,111,10.2,5
8.2,0.33,7.400.000.000.000.000,12.4,7
6.5,0.34,67,12.0,6
7.6,0.5,86,11.5,6
9.2,0.36,62,10.5,6
7.1,0.59,78,10.8,6
9.7,0.42,7.400.000.000.000.000,12.3,6
7.6,0.36,79,9.5,6
7.6,0.36,79,9.5,6
6.5,0.61,95,11.5,6
6.5,0.88,79,11.2,4
7.1,0.66,52.000.000.000.000.000,12.7,7
5.6,915,40.999.999.999.999.900,11.4,5
8.2,0.35,76,11.0,6
8.2,0.35,76,11.0,6
9.8,0.39,68,11.4,5
10.2,0.4,68,10.5,6
6.8,0.66,0.07,9.3,5
6.7,0.64,0.08,10.9,5
7.0,0.43,85,11.9,6
6.6,0.8,79,12.2,5
7.0,0.43,85,11.9,6
6.7,0.64,0.08,10.9,5
8.8,955,75,9.6,4
9.1,0.4,0.08,12.5,6
6.5,885,166,10.8,5
7.2,0.25,63,12.4,7
6.4,885,166,10.8,5
7.0,745,114,9.5,6
6.2,0.43,78,9.5,6
7.9,0.58,76,9.5,6
7.7,0.57,69,9.8,6
7.7,0.26,52.000.000.000.000.000,10.9,6
7.9,0.58,76,9.5,6
7.7,0.57,69,9.8,6
7.9,0.34,65,11.2,7
8.6,0.42,68,11.7,8
9.9,0.74,111,9.4,5
7.2,0.36,7.400.000.000.000.000,11.0,7
7.2,0.36,7.400.000.000.000.000,11.0,7
7.2,0.36,7.400.000.000.000.000,11.0,7
9.9,0.72,136,10.0,5
7.2,0.36,7.400.000.000.000.000,11.0,7
6.2,0.39,71,11.2,7
6.8,0.65,78,10.4,6
6.6,0.44,76,9.3,5
6.8,0.65,78,10.4,6
9.6,0.38,71,10.5,6
10.2,0.33,81,10.4,6
8.8,0.27,95,11.3,6
7.9,0.57,79,9.5,6
8.2,0.34,57,12.0,6
8.2,0.4,8.199.999.999.999.990,10.6,6
9.0,0.39,44.000.000.000.000.000,10.9,6
10.9,0.32,132,11.5,6
10.9,0.32,132,11.5,6
8.1,0.53,78,9.6,6
10.5,0.36,7.400.000.000.000.000,12.0,6
12.6,0.39,0.08,10.3,6
9.2,0.46,91,9.4,5
7.5,0.58,0.08,9.2,5
9.0,0.58,10.400.000.000.000.000,9.6,5
5.1,0.42,44.000.000.000.000.000,13.6,7
7.6,0.43,75,9.5,5
7.7,0.18,66,11.8,6
7.8,815,7.400.000.000.000.000,10.8,5
7.6,0.43,75,9.5,5
10.2,0.23,57,9.3,4
7.1,0.75,59.000.000.000.000.000,12.8,6
6.0,0.33,54.000.000.000.000.000,11.5,4
7.8,0.55,0.07,9.4,6
7.1,0.75,59.000.000.000.000.000,12.8,6
8.1,0.73,81,9.6,4
6.5,0.67,57,11.8,4
7.5,0.61,76,9.3,5
9.8,0.37,79,9.8,5
9.0,0.4,57.999.999.999.999.900,12.2,6
8.3,0.56,8.199.999.999.999.990,9.5,5
5.9,0.29,67,10.3,6
7.4,0.55,8.199.999.999.999.990,10.5,5
7.4,0.74,86,10.0,5
7.4,0.55,8.199.999.999.999.990,10.5,5
6.9,0.41,81,11.1,6
7.1,0.6,79,10.9,6
7.1,0.6,79,10.9,6
7.5,0.58,77,9.8,5
7.1,0.72,12.300.000.000.000.000,9.8,5
7.9,0.66,96,9.5,5
7.8,0.7,79,10.9,5
6.1,0.64,69,11.0,5
7.5,0.59,8.199.999.999.999.990,9.2,5
7.0,0.58,85,11.0,6
6.8,0.64,12.300.000.000.000.000,11.3,6
6.8,0.64,12.300.000.000.000.000,11.3,6
8.6,635,40.299.999.999.999.900,9.3,5
6.3,01.02,83,11.2,4
9.8,0.45,81,9.8,5
8.2,0.78,8.900.000.000.000.000,9.6,4
8.5,0.37,66,11.8,6
7.2,0.57,81,10.3,6
7.2,0.57,81,10.3,6
10.4,0.43,68,11.4,6
6.9,0.41,79,9.5,6
5.5,0.49,44.000.000.000.000.000,14.0,8
5.0,0.38,48,14.0,6
7.3,0.44,49,11.7,6
5.9,0.46,77,11.2,5
7.5,0.58,73,9.3,5
7.8,0.58,102,11.2,6
8.0,715,75,9.5,6
8.5,0.4,0.05,12.0,4
7.0,0.69,114,9.7,6
8.0,715,75,9.5,6
9.8,0.3,62,11.5,7
7.1,0.46,77,10.4,6
7.1,0.46,77,10.4,6
7.9,765,84,10.9,6
8.7,0.63,96,10.2,6
7.0,0.42,71,10.9,5
11.3,0.37,0.09,10.5,5
7.1,0.16,68,12.4,6
8.0,0.6,55.999.999.999.999.900,13.0,5
7.0,0.6,68,10.2,5
7.0,0.6,68,10.2,5
7.6,0.74,0.1,11.0,5
8.2,635,73,10.9,6
5.9,395,55.999.999.999.999.900,12.4,6
7.5,755,84,9.7,4
8.2,635,73,10.9,6
6.6,0.63,9.300.000.000.000.000,9.5,5
6.6,0.63,9.300.000.000.000.000,9.5,5
7.2,0.53,64,12.1,6
5.7,0.6,63,12.2,6
7.6,1.58,13.699.999.999.999.900,10.9,3
5.2,645,0.08,12.5,6
6.7,0.86,0.1,11.7,6
9.1,0.37,64,11.2,6
8.0,0.28,81,11.2,5
7.6,0.79,87,9.2,5
7.5,0.61,73,9.8,5
9.7,0.69,8.800.000.000.000.000,10.1,5
6.8,0.68,68,11.1,4
9.7,0.69,8.800.000.000.000.000,10.1,5
7.0,0.62,71,9.2,5
7.5,0.61,73,9.8,5
6.5,0.51,64,12.8,6
8.0,1.18,83,10.5,5
7.0,0.36,86,10.1,6
7.0,0.36,86,10.1,6
7.5,0.63,83,9.8,6
5.4,0.74,40.999.999.999.999.900,12.5,6
9.9,0.44,91,11.9,6
7.5,0.63,83,9.8,6
9.1,0.76,414,9.1,6
9.7,0.66,94,10.1,5
5.0,0.74,40.999.999.999.999.900,12.5,6
9.1,0.34,57.999.999.999.999.900,11.4,5
9.1,0.36,0.06,11.0,7
6.7,0.46,77,10.6,6
6.7,0.46,77,10.6,6
6.7,0.46,77,10.6,6
6.7,0.46,77,10.6,6
6.5,0.52,73,9.3,5
7.4,0.6,83,9.8,6
7.4,0.6,83,9.8,6
7.8,0.87,107,9.2,5
8.4,0.39,75,9.7,6
9.1,775,79,9.6,5
7.2,835,166,10.0,5
6.6,0.58,69,12.6,6
6.0,0.5,57,9.5,5
6.0,0.5,57,9.5,5
6.0,0.5,57,9.5,5
7.5,0.51,84,10.5,6
7.5,0.51,84,10.5,6
7.5,0.51,84,10.5,6
7.6,0.54,85,10.4,6
7.5,0.51,84,10.5,6
11.5,0.42,77,11.0,5
8.2,0.44,63,10.2,6
6.1,0.59,55.999.999.999.999.900,11.4,5
7.2,655,78,9.5,5
7.2,655,78,9.5,5
6.9,0.57,81,10.8,5
9.0,0.6,69,10.0,5
7.2,0.62,65,11.8,6
7.6,645,86,10.3,5
7.6,645,86,10.3,5
7.2,0.58,77,10.0,5
6.1,0.32,86,10.1,5
6.1,0.34,84,10.1,5
7.3,0.43,78,11.1,6
7.4,0.64,168,9.5,5
11.6,475,91,100.333.333.333.333,6
9.2,0.54,11.199.999.999.999.900,10.9,5
8.3,0.85,9.300.000.000.000.000,10.1,5
11.6,475,91,100.333.333.333.333,6
8.0,0.83,0.08,9.8,4
7.2,605,96,11.8,6
7.8,0.5,115,9.5,5
7.3,0.74,94,9.8,5
6.9,0.54,8.800.000.000.000.000,10.5,6
8.0,0.77,79,9.8,6
6.6,0.61,69,10.4,4
8.7,0.78,415,9.2,5
7.5,0.58,153,11.6,6
8.7,0.78,415,9.2,5
7.7,0.75,0.11,9.3,5
6.8,815,267,9.8,3
7.2,0.56,83,9.9,5
8.2,885,86,10.0,5
5.2,0.49,0.09,12.2,6
7.2,0.45,78,9.9,6
7.5,0.57,77,10.8,6
7.5,0.57,77,10.8,6
6.8,0.83,7.400.000.000.000.000,9.6,5
8.0,0.6,0.08,9.9,5
8.0,0.6,0.08,9.9,5
7.1,755,107,9.5,5
8.0,0.81,76,9.2,5
7.4,0.64,0.1,9.6,5
7.4,0.64,0.1,9.6,5
6.6,0.64,83,10.3,5
6.7,0.48,0.08,9.7,5
6.0,0.49,68,12.5,6
8.0,0.64,94,11.0,5
7.1,0.62,0.07,9.8,5
8.0,0.52,78,10.2,5
6.4,0.57,0.07,9.2,5
8.6,685,92,9.55,6
8.7,675,0.09,9.55,5
7.3,0.59,0.08,9.9,5
7.0,0.6,83,10.2,7
7.2,0.67,68,11.1,6
7.9,0.69,0.08,9.9,5
7.9,0.69,0.08,9.9,5
7.6,0.3,52.000.000.000.000.000,11.9,6
7.2,0.33,61,10.0,8
8.0,0.5,8.199.999.999.999.990,10.7,6
7.7,0.28,62,11.3,7
8.2,0.24,62,10.9,6
6.0,0.51,64,10.7,6
8.1,0.29,48,12.4,7
6.0,0.51,64,10.7,6
6.6,0.96,8.199.999.999.999.990,11.9,6
6.4,0.47,71,10.6,6
8.2,0.24,62,10.9,6
9.9,0.57,10.400.000.000.000.000,10.1,5
10.0,0.32,77,9.6,5
6.2,0.58,65,9.4,5
10.0,0.32,77,9.6,5
7.3,0.34,64,12.1,7
7.8,0.53,77,9.8,5
7.7,0.64,77,9.9,5
7.8,0.53,77,9.8,5
7.5,0.4,79,9.4,5
7.0,0.54,79,11.4,6
6.4,0.53,12.300.000.000.000.000,11.0,4
8.3,0.26,76,9.6,6
8.3,0.26,76,9.6,6
7.7,0.23,46,12.1,6
7.6,0.41,78,11.2,5
7.8,0.64,7.200.000.000.000.000,11.0,5
7.9,0.18,49,11.3,5
7.4,0.41,66,10.4,5
7.6,0.43,69,9.9,6
5.9,0.44,42,11.7,6
6.1,0.4,69,10.1,7
10.2,0.54,214,9.0,6
10.2,0.54,214,9.0,6
10.0,0.38,16.899.999.999.999.900,8.5,5
6.8,915,0.07,11.1,5
7.0,0.59,52.000.000.000.000.000,10.3,5
7.3,0.67,7.200.000.000.000.000,11.066.666.666.666.600,6
7.2,0.37,62,11.3,7
7.4,785,94,956.666.666.666.667,6
6.9,0.63,78,9.8,5
6.9,0.58,57.999.999.999.999.900,11.7,5
7.3,0.67,7.200.000.000.000.000,11.1,6
7.4,785,94,9.6,6
6.9,0.63,78,9.8,5
6.8,0.67,0.08,9.7,5
6.9,0.58,0.08,9.7,5
7.2,0.38,55.999.999.999.999.900,11.3,8
7.2,0.37,62,11.3,7
7.8,0.32,10.400.000.000.000.000,11.0,7
6.6,0.58,62,11.6,7
7.6,0.49,7.400.000.000.000.000,9.0,5
11.7,0.45,73,10.9,6
6.5,0.9,52.000.000.000.000.000,10.9,6
6.0,0.54,0.05,10.55,6
7.6,0.49,7.400.000.000.000.000,9.0,5
8.4,0.29,67,10.5,5
7.9,0.2,54.000.000.000.000.000,11.9,7
6.4,0.42,54.000.000.000.000.000,10.4,6
6.2,785,0.06,10.0,4
6.8,0.64,75,10.4,6
6.9,0.63,76,10.8,6
6.8,0.59,63,9.7,5
6.8,0.59,63,9.7,5
7.3,0.48,62,10.0,7
6.7,01.04,67,11.0,4
7.3,0.48,62,10.0,7
7.3,0.98,61,9.7,3
10.0,0.69,84,9.7,5
6.7,0.7,67,12.6,5
7.6,0.35,73,11.1,6
6.1,0.6,71,11.0,5
9.9,0.5,205,8.8,5
5.3,0.47,48,13.566.666.666.666.600,7
9.9,0.5,205,8.8,5
5.3,0.47,48,13.6,7
7.1,875,8.199.999.999.999.990,10.2,3
8.2,0.28,10.400.000.000.000.000,10.6,5
5.6,0.62,0.08,10.1,4
8.2,0.28,10.400.000.000.000.000,10.6,5
7.2,0.58,114,10.3,4
8.1,0.33,42,10.7,5
6.8,0.91,0.06,10.9,4
7.0,655,7.400.000.000.000.000,9.7,5
6.8,0.68,0.07,10.3,5
6.0,0.64,66,10.6,5
5.6,0.54,49,11.4,5
6.2,0.57,48,10.8,6
7.1,0.22,39,12.4,6
5.6,0.54,49,11.4,5
6.2,0.65,0.05,11.95,5
7.7,0.54,8.900.000.000.000.000,9.7,5
6.4,0.31,66,10.0,7
7.0,0.43,0.08,10.6,6
7.7,0.54,8.900.000.000.000.000,9.7,5
6.9,0.74,54.000.000.000.000.000,11.5,6
6.6,895,68,10.8,6
6.9,0.74,54.000.000.000.000.000,11.5,6
7.5,725,76,9.6,5
7.8,0.82,83,9.4,5
7.3,585,78,9.8,5
6.2,0.44,77,11.0,6
7.5,0.38,106,11.4,6
6.7,0.76,78,9.95,3
6.8,0.81,0.07,10.8,6
7.5,0.38,106,11.4,6
7.1,0.27,7.400.000.000.000.000,10.6,6
7.9,0.18,62,11.1,5
6.4,0.36,47,9.7,6
7.1,0.69,68,9.8,5
6.4,0.79,61,10.4,6
6.4,0.56,78,10.5,6
6.9,0.84,7.400.000.000.000.000,923.333.333.333.333,6
6.9,0.84,7.400.000.000.000.000,9.25,6
6.1,0.32,71,10.6,5
6.5,0.53,63,10.3,6
7.4,0.47,114,10.5,5
6.6,0.7,106,10.2,5
6.5,0.53,63,10.3,6
6.9,0.48,8.199.999.999.999.990,09.05,4
6.1,0.32,71,10.6,5
6.8,0.48,76,10.4,5
6.0,0.42,75,10.0,6
6.7,0.48,64,9.7,5
6.8,0.47,64,9.6,6
7.1,0.53,71,10.8,6
7.9,0.29,96,10.1,6
7.1,0.69,63,10.2,6
6.6,0.44,63,11.3,6
6.1,705,81,10.2,5
7.2,0.53,57.999.999.999.999.900,9.9,6
8.0,0.39,7.400.000.000.000.000,9.0,5
6.6,0.56,64,11.7,7
7.0,0.55,75,9.7,6
6.1,0.53,77,10.3,6
5.4,0.58,59.000.000.000.000.000,10.2,6
6.2,0.64,81,12.0,5
7.2,0.39,65,9.9,5
6.2,0.52,71,11.6,6
7.4,0.25,54.000.000.000.000.000,10.9,7
6.7,855,64,10.75,6
11.1,0.44,64,10.4,6
8.4,0.37,63,11.2,7
6.5,0.63,59.000.000.000.000.000,10.1,6
7.0,0.57,7.200.000.000.000.000,10.2,5
6.3,0.6,48,12.1,5
11.2,0.4,99,10.4,5
7.4,0.36,7.400.000.000.000.000,11.4,8
7.1,0.68,87,9.5,5
7.1,0.67,83,9.4,5
6.3,0.68,10.300.000.000.000.000,11.3,6
7.3,735,0.08,9.4,5
6.6,855,62,11.0,6
7.0,0.56,65,10.55,7
6.6,0.88,66,9.9,5
6.6,855,62,11.0,6
6.9,0.63,235,9.5,5
7.8,0.6,0.08,9.9,5
7.8,0.6,0.08,9.9,5
7.8,0.6,0.08,9.9,5
7.2,695,76,10.1,5
7.2,695,76,10.1,5
7.2,695,76,10.1,5
6.7,0.67,61,10.9,6
6.7,0.16,59.000.000.000.000.000,11.2,6
7.2,695,76,10.1,5
7.0,0.56,77,9.2,5
6.2,0.51,55.999.999.999.999.900,11.5,6
6.4,0.36,0.23,12.4,6
6.4,0.38,38,11.1,6
7.3,0.69,69,9.5,5
6.0,0.58,75,12.5,6
5.6,0.31,7.400.000.000.000.000,10.5,6
7.5,0.52,0.06,11.8,6
8.0,0.3,81,10.8,6
6.2,0.7,76,11.9,6
6.8,0.67,11.800.000.000.000.000,11.3,6
6.2,0.56,53,11.3,5
7.4,0.35,68,11.9,6
6.2,0.56,53,11.3,5
6.1,715,53,11.9,5
6.2,0.46,7.400.000.000.000.000,9.8,5
6.7,0.32,61,11.6,7
7.2,0.39,66,11.5,6
7.5,0.31,65,11.4,6
5.8,0.61,66,10.9,6
7.2,0.66,68,12.8,6
6.6,725,73,9.2,5
6.3,0.55,77,11.6,6
5.4,0.74,8.900.000.000.000.000,11.6,6
6.3,0.51,76,11.0,6
6.8,0.62,68,9.5,6
6.2,0.6,0.09,10.5,5
5.9,0.55,62,11.2,6
6.3,0.51,76,11.0,6
5.9,645,75,10.2,5
6.0,0.31,67,11.0,6
